hallucination_model,classification_model,combo,overall_diff,enhancer_diff,promoter_diff,splice_site_diff,methylated_diff,protein_coding_diff
gpt-3.5-turbo,gpt-3.5-turbo,gpt-3.5-turbo-gpt-3.5-turbo,-0.00976138828633405,0.0,-0.010000000000000009,0.0,0.045454545454545525,-0.08510638297872342
gpt-3.5-turbo,gpt-4o-mini,gpt-3.5-turbo-gpt-4o-mini,0.04545454545454547,0.0,0.0,0.007142857142857173,0.0,0.21808510638297873
gpt-4o-mini,gpt-3.5-turbo,gpt-4o-mini-gpt-3.5-turbo,-0.013043478260869601,-0.0357142857142857,0.02010050251256279,0.014285714285714235,-0.07614213197969544,0.021276595744680826
gpt-4o-mini,gpt-4o-mini,gpt-4o-mini-gpt-4o-mini,0.03679653679653677,-0.010204081632653073,0.0,0.04999999999999993,0.0,0.15425531914893614
