hallucination_model,classification_model,combo,enhancer_hall_acc,enhancer_no_hall_acc,promoter_hall_acc,promoter_no_hall_acc,splice_site_hall_acc,splice_site_no_hall_acc,methylated_hall_acc,methylated_no_hall_acc,protein_coding_hall_acc,protein_coding_no_hall_acc,overall_hall_acc,overall_no_hall_acc
gpt-3.5-turbo,gpt-3.5-turbo,gpt-3.5-turbo-gpt-3.5-turbo,0.5,0.5,0.5,0.49,0.5071428571428571,0.5071428571428571,0.51010101010101,0.5555555555555556,0.48936170212765956,0.40425531914893614,0.5010845986984815,0.4913232104121475
gpt-3.5-turbo,gpt-4o-mini,gpt-3.5-turbo-gpt-4o-mini,0.5,0.5,0.5,0.5,0.4857142857142857,0.4928571428571429,0.5,0.5,0.28191489361702127,0.5,0.45346320346320346,0.4989177489177489
gpt-4o-mini,gpt-3.5-turbo,gpt-4o-mini-gpt-3.5-turbo,0.5255102040816326,0.4897959183673469,0.49246231155778897,0.5125628140703518,0.5,0.5142857142857142,0.5177664974619289,0.4416243654822335,0.35106382978723405,0.3723404255319149,0.4771739130434783,0.4641304347826087
gpt-4o-mini,gpt-4o-mini,gpt-4o-mini-gpt-4o-mini,0.5102040816326531,0.5,0.5,0.5,0.4642857142857143,0.5142857142857142,0.5,0.5,0.35638297872340424,0.5106382978723404,0.4675324675324675,0.5043290043290043
